Counter name,Exact defect collection,Producing script,Producing artifact,Filter or counting rule,Row count,Defect IDs
Requirements audited,blocks,docs/kbdl/evidence/kbdl-011-r16/scripts/production_validator.py,production-summary.txt,one parsed normative record per ID,317,None
Effective records,effective,docs/kbdl/evidence/kbdl-011-r16/scripts/production_validator.py,effective-record-audit.csv,all effective-record rows,317,None
Field-source rows,fieldrows,docs/kbdl/evidence/kbdl-011-r16/scripts/production_validator.py,field-source-registry.csv,all requirement/field pairs,5389,None
Readable groups parsed,group headings,docs/kbdl/evidence/kbdl-011-r16/scripts/production_validator.py,readable-group-parse.csv,distinct nonempty group headings,60,None
Status buckets resolved,group_rows,docs/kbdl/evidence/kbdl-011-r16/scripts/production_validator.py,readable-group-parse.csv,status-bucket rows with PASS resolution,75,None
Unresolved field sources,UNRESOLVED_FIELD_SOURCE,docs/kbdl/evidence/kbdl-011-r16/scripts/production_validator.py,defects.csv,category equals UNRESOLVED_FIELD_SOURCE,335,UNRESOLVED_FIELD_SOURCE:KBDL-A11Y-001:Validation classification; UNRESOLVED_FIELD_SOURCE:KBDL-A11Y-001:Known limitation; UNRESOLVED_FIELD_SOURCE:KBDL-A11Y-002:Known limitation; UNRESOLVED_FIELD_SOURCE:KBDL-A11Y-003:Known limitation; UNRESOLVED_FIELD_SOURCE:KBDL-A11Y-004:Validation classification; UNRESOLVED_FIELD_SOURCE:KBDL-A11Y-004:Known limitation; UNRESOLVED_FIELD_SOURCE:KBDL-A11Y-005:Known limitation; UNRESOLVED_FIELD_SOURCE:KBDL-A11Y-006:Known limitation; UNRESOLVED_FIELD_SOURCE:KBDL-A11Y-007:Validation evidence; UNRESOLVED_FIELD_SOURCE:KBDL-A11Y-008:Authority; UNRESOLVED_FIELD_SOURCE:KBDL-A11Y-008:Validation evidence; UNRESOLVED_FIELD_SOURCE:KBDL-A11Y-009:Validation evidence; UNRESOLVED_FIELD_SOURCE:KBDL-A11Y-010:Authority; UNRESOLVED_FIELD_SOURCE:KBDL-A11Y-010:Known limitation; UNRESOLVED_FIELD_SOURCE:KBDL-A11Y-011:Known limitation; UNRESOLVED_FIELD_SOURCE:KBDL-A11Y-012:Known limitation; UNRESOLVED_FIELD_SOURCE:KBDL-A11Y-013:Authority; UNRESOLVED_FIELD_SOURCE:KBDL-A11Y-013:Known limitation; UNRESOLVED_FIELD_SOURCE:KBDL-A11Y-014:Authority; UNRESOLVED_FIELD_SOURCE:KBDL-A11Y-014:Known limitation; UNRESOLVED_FIELD_SOURCE:KBDL-A11Y-015:Known limitation; UNRESOLVED_FIELD_SOURCE:KBDL-A11Y-016:Validation classification; UNRESOLVED_FIELD_SOURCE:KBDL-A11Y-016:Known limitation; UNRESOLVED_FIELD_SOURCE:KBDL-A11Y-017:Known limitation; UNRESOLVED_FIELD_SOURCE:KBDL-A11Y-018:Known limitation; UNRESOLVED_FIELD_SOURCE:KBDL-A11Y-019:Validation classification; UNRESOLVED_FIELD_SOURCE:KBDL-A11Y-020:Known limitation; UNRESOLVED_FIELD_SOURCE:KBDL-A11Y-022:Known limitation; UNRESOLVED_FIELD_SOURCE:KBDL-A11Y-023:Validation classification; UNRESOLVED_FIELD_SOURCE:KBDL-A11Y-023:Known limitation; UNRESOLVED_FIELD_SOURCE:KBDL-A11Y-024:Known limitation; UNRESOLVED_FIELD_SOURCE:KBDL-A11Y-025:Known limitation; UNRESOLVED_FIELD_SOURCE:KBDL-A11Y-026:Known limitation; UNRESOLVED_FIELD_SOURCE:KBDL-A11Y-027:Known limitation; UNRESOLVED_FIELD_SOURCE:KBDL-A11Y-028:Known limitation; UNRESOLVED_FIELD_SOURCE:KBDL-A11Y-029:Validation classification; UNRESOLVED_FIELD_SOURCE:KBDL-A11Y-029:Known limitation; UNRESOLVED_FIELD_SOURCE:KBDL-A11Y-030:Known limitation; UNRESOLVED_FIELD_SOURCE:KBDL-A11Y-031:Known limitation; UNRESOLVED_FIELD_SOURCE:KBDL-A11Y-032:Known limitation; UNRESOLVED_FIELD_SOURCE:KBDL-A11Y-033:Known limitation; UNRESOLVED_FIELD_SOURCE:KBDL-A11Y-034:Validation classification; UNRESOLVED_FIELD_SOURCE:KBDL-A11Y-034:Known limitation; UNRESOLVED_FIELD_SOURCE:KBDL-A11Y-037:Known limitation; UNRESOLVED_FIELD_SOURCE:KBDL-A11Y-040:Known limitation; UNRESOLVED_FIELD_SOURCE:KBDL-CMP-001:Known limitation; UNRESOLVED_FIELD_SOURCE:KBDL-CMP-002:Known limitation; UNRESOLVED_FIELD_SOURCE:KBDL-CMP-003:Known limitation; UNRESOLVED_FIELD_SOURCE:KBDL-CMP-004:Validation classification; UNRESOLVED_FIELD_SOURCE:KBDL-CMP-004:Known limitation; UNRESOLVED_FIELD_SOURCE:KBDL-CMP-006:Known limitation; UNRESOLVED_FIELD_SOURCE:KBDL-CMP-007:Known limitation; UNRESOLVED_FIELD_SOURCE:KBDL-CMP-008:Known limitation; UNRESOLVED_FIELD_SOURCE:KBDL-CMP-009:Known limitation; UNRESOLVED_FIELD_SOURCE:KBDL-CMP-010:Known limitation; UNRESOLVED_FIELD_SOURCE:KBDL-CMP-011:Known limitation; UNRESOLVED_FIELD_SOURCE:KBDL-CMP-012:Known limitation; UNRESOLVED_FIELD_SOURCE:KBDL-CMP-013:Known limitation; UNRESOLVED_FIELD_SOURCE:KBDL-CMP-014:Known limitation; UNRESOLVED_FIELD_SOURCE:KBDL-CMP-016:Known limitation; UNRESOLVED_FIELD_SOURCE:KBDL-CMP-018:Authority; UNRESOLVED_FIELD_SOURCE:KBDL-CMP-018:Known limitation; UNRESOLVED_FIELD_SOURCE:KBDL-CMP-019:Known limitation; UNRESOLVED_FIELD_SOURCE:KBDL-CMP-021:Authority; UNRESOLVED_FIELD_SOURCE:KBDL-CMP-021:Known limitation; UNRESOLVED_FIELD_SOURCE:KBDL-CMP-022:Known limitation; UNRESOLVED_FIELD_SOURCE:KBDL-CMP-023:Validation classification; UNRESOLVED_FIELD_SOURCE:KBDL-CMP-023:Known limitation; UNRESOLVED_FIELD_SOURCE:KBDL-CMP-024:Known limitation; UNRESOLVED_FIELD_SOURCE:KBDL-CMP-026:Validation classification; UNRESOLVED_FIELD_SOURCE:KBDL-CMP-026:Known limitation; UNRESOLVED_FIELD_SOURCE:KBDL-CMP-027:Known limitation; UNRESOLVED_FIELD_SOURCE:KBDL-CMP-028:Authority; UNRESOLVED_FIELD_SOURCE:KBDL-CMP-028:Known limitation; UNRESOLVED_FIELD_SOURCE:KBDL-CMP-030:Validation classification; UNRESOLVED_FIELD_SOURCE:KBDL-CMP-030:Known limitation; UNRESOLVED_FIELD_SOURCE:KBDL-CMP-031:Validation classification; UNRESOLVED_FIELD_SOURCE:KBDL-CMP-031:Known limitation; UNRESOLVED_FIELD_SOURCE:KBDL-CMP-032:Authority; UNRESOLVED_FIELD_SOURCE:KBDL-CMP-032:Known limitation; UNRESOLVED_FIELD_SOURCE:KBDL-CMP-033:Validation classification; UNRESOLVED_FIELD_SOURCE:KBDL-CMP-033:Known limitation; UNRESOLVED_FIELD_SOURCE:KBDL-CMP-034:Validation classification; UNRESOLVED_FIELD_SOURCE:KBDL-CMP-034:Known limitation; UNRESOLVED_FIELD_SOURCE:KBDL-CMP-035:Known limitation; UNRESOLVED_FIELD_SOURCE:KBDL-CMP-037:Known limitation; UNRESOLVED_FIELD_SOURCE:KBDL-CMP-038:Known limitation; UNRESOLVED_FIELD_SOURCE:KBDL-CMP-039:Validation classification; UNRESOLVED_FIELD_SOURCE:KBDL-CMP-039:Known limitation; UNRESOLVED_FIELD_SOURCE:KBDL-CMP-040:Validation classification; UNRESOLVED_FIELD_SOURCE:KBDL-CMP-040:Known limitation; UNRESOLVED_FIELD_SOURCE:KBDL-CMP-042:Validation classification; UNRESOLVED_FIELD_SOURCE:KBDL-CMP-042:Known limitation; UNRESOLVED_FIELD_SOURCE:KBDL-CMP-043:Validation classification; UNRESOLVED_FIELD_SOURCE:KBDL-CMP-043:Known limitation; UNRESOLVED_FIELD_SOURCE:KBDL-CMP-044:Validation classification; UNRESOLVED_FIELD_SOURCE:KBDL-CMP-045:Authority; UNRESOLVED_FIELD_SOURCE:KBDL-CMP-045:Known limitation; UNRESOLVED_FIELD_SOURCE:KBDL-CMP-047:Validation classification; UNRESOLVED_FIELD_SOURCE:KBDL-CMP-047:Known limitation; UNRESOLVED_FIELD_SOURCE:KBDL-CMP-048:Validation classification; UNRESOLVED_FIELD_SOURCE:KBDL-CMP-049:Validation classification; UNRESOLVED_FIELD_SOURCE:KBDL-CMP-049:Known limitation; UNRESOLVED_FIELD_SOURCE:KBDL-CMP-051:Known limitation; UNRESOLVED_FIELD_SOURCE:KBDL-CMP-053:Known limitation; UNRESOLVED_FIELD_SOURCE:KBDL-CMP-054:Authority; UNRESOLVED_FIELD_SOURCE:KBDL-CMP-054:Known limitation; UNRESOLVED_FIELD_SOURCE:KBDL-CMP-055:Known limitation; UNRESOLVED_FIELD_SOURCE:KBDL-CMP-056:Authority; UNRESOLVED_FIELD_SOURCE:KBDL-CMP-057:Known limitation; UNRESOLVED_FIELD_SOURCE:KBDL-CMP-058:Known limitation; UNRESOLVED_FIELD_SOURCE:KBDL-CMP-059:Known limitation; UNRESOLVED_FIELD_SOURCE:KBDL-CMP-060:Known limitation; UNRESOLVED_FIELD_SOURCE:KBDL-CMP-061:Known limitation; UNRESOLVED_FIELD_SOURCE:KBDL-CMP-062:Validation classification; UNRESOLVED_FIELD_SOURCE:KBDL-CMP-062:Known limitation; UNRESOLVED_FIELD_SOURCE:KBDL-CMP-063:Known limitation; UNRESOLVED_FIELD_SOURCE:KBDL-CMP-064:Known limitation; UNRESOLVED_FIELD_SOURCE:KBDL-CMP-065:Known limitation; UNRESOLVED_FIELD_SOURCE:KBDL-CMP-066:Known limitation; UNRESOLVED_FIELD_SOURCE:KBDL-CMP-068:Validation classification; UNRESOLVED_FIELD_SOURCE:KBDL-CMP-068:Authority; UNRESOLVED_FIELD_SOURCE:KBDL-CMP-068:Known limitation; UNRESOLVED_FIELD_SOURCE:KBDL-CMP-070:Known limitation; UNRESOLVED_FIELD_SOURCE:KBDL-CMP-071:Known limitation; UNRESOLVED_FIELD_SOURCE:KBDL-CMP-072:Known limitation; UNRESOLVED_FIELD_SOURCE:KBDL-CMP-075:Authority; UNRESOLVED_FIELD_SOURCE:KBDL-CMP-075:Known limitation; UNRESOLVED_FIELD_SOURCE:KBDL-CMP-077:Authority; UNRESOLVED_FIELD_SOURCE:KBDL-CMP-077:Known limitation; UNRESOLVED_FIELD_SOURCE:KBDL-CMP-078:Known limitation; UNRESOLVED_FIELD_SOURCE:KBDL-CMP-079:Known limitation; UNRESOLVED_FIELD_SOURCE:KBDL-CMP-081:Validation classification; UNRESOLVED_FIELD_SOURCE:KBDL-CMP-081:Authority; UNRESOLVED_FIELD_SOURCE:KBDL-CMP-081:Known limitation; UNRESOLVED_FIELD_SOURCE:KBDL-CMP-082:Validation classification; UNRESOLVED_FIELD_SOURCE:KBDL-CMP-084:Known limitation; UNRESOLVED_FIELD_SOURCE:KBDL-CMP-086:Known limitation; UNRESOLVED_FIELD_SOURCE:KBDL-CMP-087:Known limitation; UNRESOLVED_FIELD_SOURCE:KBDL-CMP-088:Known limitation; UNRESOLVED_FIELD_SOURCE:KBDL-CMP-090:Validation classification; UNRESOLVED_FIELD_SOURCE:KBDL-CMP-090:Known limitation; UNRESOLVED_FIELD_SOURCE:KBDL-CMP-092:Known limitation; UNRESOLVED_FIELD_SOURCE:KBDL-CMP-093:Known limitation; UNRESOLVED_FIELD_SOURCE:KBDL-CMP-094:Authority; UNRESOLVED_FIELD_SOURCE:KBDL-CMP-094:Known limitation; UNRESOLVED_FIELD_SOURCE:KBDL-CMP-095:Authority; UNRESOLVED_FIELD_SOURCE:KBDL-CMP-095:Known limitation; UNRESOLVED_FIELD_SOURCE:KBDL-CMP-096:Known limitation; UNRESOLVED_FIELD_SOURCE:KBDL-CMP-097:Known limitation; UNRESOLVED_FIELD_SOURCE:KBDL-CMP-098:Known limitation; UNRESOLVED_FIELD_SOURCE:KBDL-CMP-100:Known limitation; UNRESOLVED_FIELD_SOURCE:KBDL-CMP-101:Known limitation; UNRESOLVED_FIELD_SOURCE:KBDL-CMP-103:Known limitation; UNRESOLVED_FIELD_SOURCE:KBDL-CMP-104:Known limitation; UNRESOLVED_FIELD_SOURCE:KBDL-CMP-107:Known limitation; UNRESOLVED_FIELD_SOURCE:KBDL-CMP-109:Known limitation; UNRESOLVED_FIELD_SOURCE:KBDL-CMP-111:Validation classification; UNRESOLVED_FIELD_SOURCE:KBDL-CUS-001:Known limitation; UNRESOLVED_FIELD_SOURCE:KBDL-CUS-002:Known limitation; UNRESOLVED_FIELD_SOURCE:KBDL-CUS-003:Known limitation; UNRESOLVED_FIELD_SOURCE:KBDL-CUS-004:Known limitation; UNRESOLVED_FIELD_SOURCE:KBDL-CUS-005:Known limitation; UNRESOLVED_FIELD_SOURCE:KBDL-CUS-006:Known limitation; UNRESOLVED_FIELD_SOURCE:KBDL-CUS-007:Known limitation; UNRESOLVED_FIELD_SOURCE:KBDL-CUS-008:Known limitation; UNRESOLVED_FIELD_SOURCE:KBDL-CUS-009:Known limitation; UNRESOLVED_FIELD_SOURCE:KBDL-CUS-010:Known limitation; UNRESOLVED_FIELD_SOURCE:KBDL-CUS-011:Known limitation; UNRESOLVED_FIELD_SOURCE:KBDL-CUS-012:Known limitation; UNRESOLVED_FIELD_SOURCE:KBDL-CUS-013:Known limitation; UNRESOLVED_FIELD_SOURCE:KBDL-CUS-014:Known limitation; UNRESOLVED_FIELD_SOURCE:KBDL-CUS-015:Known limitation; UNRESOLVED_FIELD_SOURCE:KBDL-CUS-016:Known limitation; UNRESOLVED_FIELD_SOURCE:KBDL-CUS-017:Known limitation; UNRESOLVED_FIELD_SOURCE:KBDL-CUS-018:Known limitation; UNRESOLVED_FIELD_SOURCE:KBDL-CUS-019:Known limitation; UNRESOLVED_FIELD_SOURCE:KBDL-CUS-020:Known limitation; UNRESOLVED_FIELD_SOURCE:KBDL-CUS-021:Known limitation; UNRESOLVED_FIELD_SOURCE:KBDL-CUS-022:Known limitation; UNRESOLVED_FIELD_SOURCE:KBDL-FND-001:Known limitation; UNRESOLVED_FIELD_SOURCE:KBDL-FND-002:Known limitation; UNRESOLVED_FIELD_SOURCE:KBDL-FND-003:Known limitation; UNRESOLVED_FIELD_SOURCE:KBDL-FND-004:Known limitation; UNRESOLVED_FIELD_SOURCE:KBDL-FND-005:Known limitation; UNRESOLVED_FIELD_SOURCE:KBDL-FND-006:Known limitation; UNRESOLVED_FIELD_SOURCE:KBDL-FND-007:Known limitation; UNRESOLVED_FIELD_SOURCE:KBDL-FND-008:Known limitation; UNRESOLVED_FIELD_SOURCE:KBDL-FND-009:Validation evidence; UNRESOLVED_FIELD_SOURCE:KBDL-FND-010:Known limitation; UNRESOLVED_FIELD_SOURCE:KBDL-FND-011:Known limitation; UNRESOLVED_FIELD_SOURCE:KBDL-FND-012:Known limitation; UNRESOLVED_FIELD_SOURCE:KBDL-GOV-001:Validation classification; UNRESOLVED_FIELD_SOURCE:KBDL-GOV-002:Validation classification; UNRESOLVED_FIELD_SOURCE:KBDL-GOV-002:Known limitation; UNRESOLVED_FIELD_SOURCE:KBDL-GOV-003:Validation classification; UNRESOLVED_FIELD_SOURCE:KBDL-MOT-001:Known limitation; UNRESOLVED_FIELD_SOURCE:KBDL-MOT-002:Validation classification; UNRESOLVED_FIELD_SOURCE:KBDL-MOT-002:Known limitation; UNRESOLVED_FIELD_SOURCE:KBDL-MOT-003:Known limitation; UNRESOLVED_FIELD_SOURCE:KBDL-MOT-004:Known limitation; UNRESOLVED_FIELD_SOURCE:KBDL-MOT-005:Known limitation; UNRESOLVED_FIELD_SOURCE:KBDL-MOT-006:Validation classification; UNRESOLVED_FIELD_SOURCE:KBDL-MOT-006:Known limitation; UNRESOLVED_FIELD_SOURCE:KBDL-MOT-007:Authority; UNRESOLVED_FIELD_SOURCE:KBDL-MOT-007:Known limitation; UNRESOLVED_FIELD_SOURCE:KBDL-MOT-008:Validation classification; UNRESOLVED_FIELD_SOURCE:KBDL-MOT-009:Validation classification; UNRESOLVED_FIELD_SOURCE:KBDL-MOT-010:Known limitation; UNRESOLVED_FIELD_SOURCE:KBDL-MOT-011:Validation classification; UNRESOLVED_FIELD_SOURCE:KBDL-MOT-011:Known limitation; UNRESOLVED_FIELD_SOURCE:KBDL-MOT-012:Known limitation; UNRESOLVED_FIELD_SOURCE:KBDL-MOT-013:Validation classification; UNRESOLVED_FIELD_SOURCE:KBDL-MOT-013:Known limitation; UNRESOLVED_FIELD_SOURCE:KBDL-MOT-014:Known limitation; UNRESOLVED_FIELD_SOURCE:KBDL-MOT-015:Known limitation; UNRESOLVED_FIELD_SOURCE:KBDL-MOT-016:Known limitation; UNRESOLVED_FIELD_SOURCE:KBDL-MOT-017:Known limitation; UNRESOLVED_FIELD_SOURCE:KBDL-MOT-018:Known limitation; UNRESOLVED_FIELD_SOURCE:KBDL-MOT-019:Validation classification; UNRESOLVED_FIELD_SOURCE:KBDL-MOT-019:Known limitation; UNRESOLVED_FIELD_SOURCE:KBDL-MOT-020:Known limitation; UNRESOLVED_FIELD_SOURCE:KBDL-MOT-021:Validation classification; UNRESOLVED_FIELD_SOURCE:KBDL-MOT-021:Known limitation; UNRESOLVED_FIELD_SOURCE:KBDL-MOT-022:Known limitation; UNRESOLVED_FIELD_SOURCE:KBDL-MOT-023:Known limitation; UNRESOLVED_FIELD_SOURCE:KBDL-MOT-024:Validation classification; UNRESOLVED_FIELD_SOURCE:KBDL-MOT-024:Known limitation; UNRESOLVED_FIELD_SOURCE:KBDL-MOT-025:Known limitation; UNRESOLVED_FIELD_SOURCE:KBDL-MOT-026:Known limitation; UNRESOLVED_FIELD_SOURCE:KBDL-MOT-028:Validation classification; UNRESOLVED_FIELD_SOURCE:KBDL-MOT-029:Validation classification; UNRESOLVED_FIELD_SOURCE:KBDL-MOT-030:Validation classification; UNRESOLVED_FIELD_SOURCE:KBDL-MOT-030:Known limitation; UNRESOLVED_FIELD_SOURCE:KBDL-MOT-031:Validation classification; UNRESOLVED_FIELD_SOURCE:KBDL-MOT-031:Known limitation; UNRESOLVED_FIELD_SOURCE:KBDL-MOT-032:Validation classification; UNRESOLVED_FIELD_SOURCE:KBDL-MOT-033:Validation classification; UNRESOLVED_FIELD_SOURCE:KBDL-MOT-034:Validation classification; UNRESOLVED_FIELD_SOURCE:KBDL-MOT-034:Known limitation; UNRESOLVED_FIELD_SOURCE:KBDL-PRN-001:Known limitation; UNRESOLVED_FIELD_SOURCE:KBDL-PRN-002:Validation classification; UNRESOLVED_FIELD_SOURCE:KBDL-PRN-002:Known limitation; UNRESOLVED_FIELD_SOURCE:KBDL-PRN-003:Validation classification; UNRESOLVED_FIELD_SOURCE:KBDL-PRN-003:Known limitation; UNRESOLVED_FIELD_SOURCE:KBDL-PRN-004:Validation classification; UNRESOLVED_FIELD_SOURCE:KBDL-PRN-004:Known limitation; UNRESOLVED_FIELD_SOURCE:KBDL-PRN-005:Validation classification; UNRESOLVED_FIELD_SOURCE:KBDL-PRN-005:Known limitation; UNRESOLVED_FIELD_SOURCE:KBDL-PRN-006:Validation classification; UNRESOLVED_FIELD_SOURCE:KBDL-PRN-006:Known limitation; UNRESOLVED_FIELD_SOURCE:KBDL-PRN-007:Validation classification; UNRESOLVED_FIELD_SOURCE:KBDL-PRN-007:Known limitation; UNRESOLVED_FIELD_SOURCE:KBDL-PRN-008:Validation classification; UNRESOLVED_FIELD_SOURCE:KBDL-PRN-008:Known limitation; UNRESOLVED_FIELD_SOURCE:KBDL-PRO-001:Known limitation; UNRESOLVED_FIELD_SOURCE:KBDL-PRO-002:Known limitation; UNRESOLVED_FIELD_SOURCE:KBDL-PRO-003:Known limitation; UNRESOLVED_FIELD_SOURCE:KBDL-PRO-004:Known limitation; UNRESOLVED_FIELD_SOURCE:KBDL-PRO-005:Known limitation; UNRESOLVED_FIELD_SOURCE:KBDL-PRO-010:Known limitation; UNRESOLVED_FIELD_SOURCE:KBDL-PRO-011:Known limitation; UNRESOLVED_FIELD_SOURCE:KBDL-PRO-012:Known limitation; UNRESOLVED_FIELD_SOURCE:KBDL-PRO-013:Known limitation; UNRESOLVED_FIELD_SOURCE:KBDL-PRO-014:Known limitation; UNRESOLVED_FIELD_SOURCE:KBDL-PRO-015:Known limitation; UNRESOLVED_FIELD_SOURCE:KBDL-PRO-019:Known limitation; UNRESOLVED_FIELD_SOURCE:KBDL-PRO-020:Known limitation; UNRESOLVED_FIELD_SOURCE:KBDL-PRO-021:Known limitation; UNRESOLVED_FIELD_SOURCE:KBDL-PRO-022:Known limitation; UNRESOLVED_FIELD_SOURCE:KBDL-PRO-023:Known limitation; UNRESOLVED_FIELD_SOURCE:KBDL-PRO-024:Known limitation; UNRESOLVED_FIELD_SOURCE:KBDL-RSP-001:Known limitation; UNRESOLVED_FIELD_SOURCE:KBDL-RSP-002:Validation classification; UNRESOLVED_FIELD_SOURCE:KBDL-RSP-003:Validation classification; UNRESOLVED_FIELD_SOURCE:KBDL-RSP-004:Validation classification; UNRESOLVED_FIELD_SOURCE:KBDL-RSP-005:Validation classification; UNRESOLVED_FIELD_SOURCE:KBDL-RSP-006:Authority; UNRESOLVED_FIELD_SOURCE:KBDL-RSP-006:Known limitation; UNRESOLVED_FIELD_SOURCE:KBDL-RSP-007:Known limitation; UNRESOLVED_FIELD_SOURCE:KBDL-RSP-008:Known limitation; UNRESOLVED_FIELD_SOURCE:KBDL-RSP-009:Known limitation; UNRESOLVED_FIELD_SOURCE:KBDL-RSP-010:Known limitation; UNRESOLVED_FIELD_SOURCE:KBDL-RSP-011:Known limitation; UNRESOLVED_FIELD_SOURCE:KBDL-RSP-012:Known limitation; UNRESOLVED_FIELD_SOURCE:KBDL-RSP-013:Authority; UNRESOLVED_FIELD_SOURCE:KBDL-RSP-013:Known limitation; UNRESOLVED_FIELD_SOURCE:KBDL-RSP-014:Validation classification; UNRESOLVED_FIELD_SOURCE:KBDL-RSP-014:Known limitation; UNRESOLVED_FIELD_SOURCE:KBDL-RSP-015:Known limitation; UNRESOLVED_FIELD_SOURCE:KBDL-RSP-016:Known limitation; UNRESOLVED_FIELD_SOURCE:KBDL-RSP-017:Known limitation; UNRESOLVED_FIELD_SOURCE:KBDL-RSP-018:Known limitation; UNRESOLVED_FIELD_SOURCE:KBDL-RSP-019:Authority; UNRESOLVED_FIELD_SOURCE:KBDL-RSP-019:Known limitation; UNRESOLVED_FIELD_SOURCE:KBDL-RSP-020:Known limitation; UNRESOLVED_FIELD_SOURCE:KBDL-RSP-021:Known limitation; UNRESOLVED_FIELD_SOURCE:KBDL-RSP-022:Known limitation; UNRESOLVED_FIELD_SOURCE:KBDL-THM-001:Known limitation; UNRESOLVED_FIELD_SOURCE:KBDL-THM-002:Validation evidence; UNRESOLVED_FIELD_SOURCE:KBDL-THM-003:Known limitation; UNRESOLVED_FIELD_SOURCE:KBDL-THM-005:Known limitation; UNRESOLVED_FIELD_SOURCE:KBDL-THM-006:Known limitation; UNRESOLVED_FIELD_SOURCE:KBDL-THM-007:Validation evidence; UNRESOLVED_FIELD_SOURCE:KBDL-THM-008:Validation evidence; UNRESOLVED_FIELD_SOURCE:KBDL-THM-012:Known limitation; UNRESOLVED_FIELD_SOURCE:KBDL-THM-012a:Known limitation; UNRESOLVED_FIELD_SOURCE:KBDL-THM-013:Known limitation; UNRESOLVED_FIELD_SOURCE:KBDL-THM-014:Known limitation; UNRESOLVED_FIELD_SOURCE:KBDL-THM-015:Known limitation; UNRESOLVED_FIELD_SOURCE:KBDL-VAL-001:Validation method; UNRESOLVED_FIELD_SOURCE:KBDL-VAL-001:Validation evidence; UNRESOLVED_FIELD_SOURCE:KBDL-VAL-002:Validation method; UNRESOLVED_FIELD_SOURCE:KBDL-VAL-002:Validation evidence; UNRESOLVED_FIELD_SOURCE:KBDL-VAL-003:Validation method; UNRESOLVED_FIELD_SOURCE:KBDL-VAL-003:Validation evidence; UNRESOLVED_FIELD_SOURCE:KBDL-VAL-003:Known limitation; UNRESOLVED_FIELD_SOURCE:KBDL-VAL-004:Validation method; UNRESOLVED_FIELD_SOURCE:KBDL-VAL-005:Validation method; UNRESOLVED_FIELD_SOURCE:KBDL-VAL-005:Validation evidence; UNRESOLVED_FIELD_SOURCE:KBDL-VAL-005:Known limitation; UNRESOLVED_FIELD_SOURCE:KBDL-VAL-006:Validation method; UNRESOLVED_FIELD_SOURCE:KBDL-VAL-006:Validation evidence; UNRESOLVED_FIELD_SOURCE:KBDL-VAL-006:Known limitation; UNRESOLVED_FIELD_SOURCE:KBDL-VAL-007:Validation method; UNRESOLVED_FIELD_SOURCE:KBDL-VAL-008:Validation method; UNRESOLVED_FIELD_SOURCE:KBDL-VAL-008:Known limitation; UNRESOLVED_FIELD_SOURCE:KBDL-VAL-009:Validation method; UNRESOLVED_FIELD_SOURCE:KBDL-VAL-009:Validation evidence; UNRESOLVED_FIELD_SOURCE:KBDL-VAL-010:Validation method; UNRESOLVED_FIELD_SOURCE:KBDL-VAL-010:Known limitation; UNRESOLVED_FIELD_SOURCE:KBDL-VAL-011:Validation method; UNRESOLVED_FIELD_SOURCE:KBDL-VAL-011:Known limitation; UNRESOLVED_FIELD_SOURCE:KBDL-VAL-012:Validation method; UNRESOLVED_FIELD_SOURCE:KBDL-VAL-012:Validation evidence
Source-precedence conflicts,SOURCE_PRECEDENCE_CONFLICT,docs/kbdl/evidence/kbdl-011-r16/scripts/production_validator.py,source-precedence-comparison.csv,category equals SOURCE_PRECEDENCE_CONFLICT,0,
Explicit group/ledger conflicts,GROUP_LEDGER_CONFLICT,docs/kbdl/evidence/kbdl-011-r16/scripts/production_validator.py,group-ledger-comparison.csv,category equals GROUP_LEDGER_CONFLICT,0,
Unresolved group mappings,UNRESOLVED_GROUP_MAPPING,docs/kbdl/evidence/kbdl-011-r16/scripts/production_validator.py,readable-group-parse.csv,category equals UNRESOLVED_GROUP_MAPPING,0,
Exact-location mismatches,LOCATION_MISMATCH,docs/kbdl/evidence/kbdl-011-r16/scripts/production_validator.py,exact-location-audit.csv,category equals LOCATION_MISMATCH,63,LOCATION_MISMATCH:KBDL-A11Y-005; LOCATION_MISMATCH:KBDL-A11Y-010; LOCATION_MISMATCH:KBDL-A11Y-015; LOCATION_MISMATCH:KBDL-A11Y-021; LOCATION_MISMATCH:KBDL-A11Y-035; LOCATION_MISMATCH:KBDL-CMP-001; LOCATION_MISMATCH:KBDL-CMP-004; LOCATION_MISMATCH:KBDL-CMP-015; LOCATION_MISMATCH:KBDL-CMP-020; LOCATION_MISMATCH:KBDL-CMP-054; LOCATION_MISMATCH:KBDL-CMP-057; LOCATION_MISMATCH:KBDL-CMP-058; LOCATION_MISMATCH:KBDL-CMP-059; LOCATION_MISMATCH:KBDL-CMP-060; LOCATION_MISMATCH:KBDL-CMP-061; LOCATION_MISMATCH:KBDL-CMP-062; LOCATION_MISMATCH:KBDL-CMP-067; LOCATION_MISMATCH:KBDL-CMP-069; LOCATION_MISMATCH:KBDL-CMP-070; LOCATION_MISMATCH:KBDL-CMP-071; LOCATION_MISMATCH:KBDL-CMP-073; LOCATION_MISMATCH:KBDL-CMP-074; LOCATION_MISMATCH:KBDL-CMP-076; LOCATION_MISMATCH:KBDL-CMP-080; LOCATION_MISMATCH:KBDL-CMP-083; LOCATION_MISMATCH:KBDL-CMP-085; LOCATION_MISMATCH:KBDL-CMP-089; LOCATION_MISMATCH:KBDL-CMP-091; LOCATION_MISMATCH:KBDL-CMP-099; LOCATION_MISMATCH:KBDL-CMP-102; LOCATION_MISMATCH:KBDL-CMP-105; LOCATION_MISMATCH:KBDL-CMP-106; LOCATION_MISMATCH:KBDL-CMP-108; LOCATION_MISMATCH:KBDL-CMP-110; LOCATION_MISMATCH:KBDL-CMP-111; LOCATION_MISMATCH:KBDL-CUS-011; LOCATION_MISMATCH:KBDL-CUS-029; LOCATION_MISMATCH:KBDL-FND-002; LOCATION_MISMATCH:KBDL-GOV-001; LOCATION_MISMATCH:KBDL-GOV-002; LOCATION_MISMATCH:KBDL-GOV-003; LOCATION_MISMATCH:KBDL-PRN-001; LOCATION_MISMATCH:KBDL-PRN-002; LOCATION_MISMATCH:KBDL-PRN-003; LOCATION_MISMATCH:KBDL-PRN-004; LOCATION_MISMATCH:KBDL-PRN-005; LOCATION_MISMATCH:KBDL-PRN-006; LOCATION_MISMATCH:KBDL-PRN-007; LOCATION_MISMATCH:KBDL-PRN-008; LOCATION_MISMATCH:KBDL-PRO-001; LOCATION_MISMATCH:KBDL-PRO-006; LOCATION_MISMATCH:KBDL-PRO-009; LOCATION_MISMATCH:KBDL-PRO-016; LOCATION_MISMATCH:KBDL-PRO-017; LOCATION_MISMATCH:KBDL-PRO-018; LOCATION_MISMATCH:KBDL-PRO-027; LOCATION_MISMATCH:KBDL-PRO-028; LOCATION_MISMATCH:KBDL-PRO-029; LOCATION_MISMATCH:KBDL-THM-007; LOCATION_MISMATCH:KBDL-THM-008; LOCATION_MISMATCH:KBDL-VAL-003; LOCATION_MISMATCH:KBDL-VAL-005; LOCATION_MISMATCH:KBDL-VAL-008
Valid-topical-wrong-anchor defects,LOCATION_MISMATCH,docs/kbdl/evidence/kbdl-011-r16/scripts/production_validator.py,exact-location-audit.csv,exact independently derived set differs,63,LOCATION_MISMATCH:KBDL-A11Y-005; LOCATION_MISMATCH:KBDL-A11Y-010; LOCATION_MISMATCH:KBDL-A11Y-015; LOCATION_MISMATCH:KBDL-A11Y-021; LOCATION_MISMATCH:KBDL-A11Y-035; LOCATION_MISMATCH:KBDL-CMP-001; LOCATION_MISMATCH:KBDL-CMP-004; LOCATION_MISMATCH:KBDL-CMP-015; LOCATION_MISMATCH:KBDL-CMP-020; LOCATION_MISMATCH:KBDL-CMP-054; LOCATION_MISMATCH:KBDL-CMP-057; LOCATION_MISMATCH:KBDL-CMP-058; LOCATION_MISMATCH:KBDL-CMP-059; LOCATION_MISMATCH:KBDL-CMP-060; LOCATION_MISMATCH:KBDL-CMP-061; LOCATION_MISMATCH:KBDL-CMP-062; LOCATION_MISMATCH:KBDL-CMP-067; LOCATION_MISMATCH:KBDL-CMP-069; LOCATION_MISMATCH:KBDL-CMP-070; LOCATION_MISMATCH:KBDL-CMP-071; LOCATION_MISMATCH:KBDL-CMP-073; LOCATION_MISMATCH:KBDL-CMP-074; LOCATION_MISMATCH:KBDL-CMP-076; LOCATION_MISMATCH:KBDL-CMP-080; LOCATION_MISMATCH:KBDL-CMP-083; LOCATION_MISMATCH:KBDL-CMP-085; LOCATION_MISMATCH:KBDL-CMP-089; LOCATION_MISMATCH:KBDL-CMP-091; LOCATION_MISMATCH:KBDL-CMP-099; LOCATION_MISMATCH:KBDL-CMP-102; LOCATION_MISMATCH:KBDL-CMP-105; LOCATION_MISMATCH:KBDL-CMP-106; LOCATION_MISMATCH:KBDL-CMP-108; LOCATION_MISMATCH:KBDL-CMP-110; LOCATION_MISMATCH:KBDL-CMP-111; LOCATION_MISMATCH:KBDL-CUS-011; LOCATION_MISMATCH:KBDL-CUS-029; LOCATION_MISMATCH:KBDL-FND-002; LOCATION_MISMATCH:KBDL-GOV-001; LOCATION_MISMATCH:KBDL-GOV-002; LOCATION_MISMATCH:KBDL-GOV-003; LOCATION_MISMATCH:KBDL-PRN-001; LOCATION_MISMATCH:KBDL-PRN-002; LOCATION_MISMATCH:KBDL-PRN-003; LOCATION_MISMATCH:KBDL-PRN-004; LOCATION_MISMATCH:KBDL-PRN-005; LOCATION_MISMATCH:KBDL-PRN-006; LOCATION_MISMATCH:KBDL-PRN-007; LOCATION_MISMATCH:KBDL-PRN-008; LOCATION_MISMATCH:KBDL-PRO-001; LOCATION_MISMATCH:KBDL-PRO-006; LOCATION_MISMATCH:KBDL-PRO-009; LOCATION_MISMATCH:KBDL-PRO-016; LOCATION_MISMATCH:KBDL-PRO-017; LOCATION_MISMATCH:KBDL-PRO-018; LOCATION_MISMATCH:KBDL-PRO-027; LOCATION_MISMATCH:KBDL-PRO-028; LOCATION_MISMATCH:KBDL-PRO-029; LOCATION_MISMATCH:KBDL-THM-007; LOCATION_MISMATCH:KBDL-THM-008; LOCATION_MISMATCH:KBDL-VAL-003; LOCATION_MISMATCH:KBDL-VAL-005; LOCATION_MISMATCH:KBDL-VAL-008
Packet-source mismatches,PACKET_MISMATCH,docs/kbdl/evidence/kbdl-011-r16/scripts/production_validator.py,packet-audit.csv,category equals PACKET_MISMATCH,0,
Packet-item mismatches,PACKET_ITEM_MISMATCH,docs/kbdl/evidence/kbdl-011-r16/scripts/production_validator.py,packet-audit.csv,category equals PACKET_ITEM_MISMATCH,0,
Dependency-target mismatches,DEPENDENCY_MISMATCH,docs/kbdl/evidence/kbdl-011-r16/scripts/production_validator.py,dependency-audit.csv,category equals DEPENDENCY_MISMATCH,0,
Dependency-class mismatches,DEPENDENCY_CLASS_MISMATCH,docs/kbdl/evidence/kbdl-011-r16/scripts/production_validator.py,dependency-audit.csv,category equals DEPENDENCY_CLASS_MISMATCH,0,
Evidence-reference mismatches,EVIDENCE_REFERENCE_MISMATCH,docs/kbdl/evidence/kbdl-011-r16/scripts/production_validator.py,evidence-field-audit.csv,category equals EVIDENCE_REFERENCE_MISMATCH,0,
Evidence-scope mapping defects,EVIDENCE_SCOPE_RELATIONSHIP,docs/kbdl/evidence/kbdl-011-r16/scripts/production_validator.py,evidence-field-audit.csv,category equals EVIDENCE_SCOPE_RELATIONSHIP,11,EVIDENCE_SCOPE_RELATIONSHIP:KBDL-A11Y-007; EVIDENCE_SCOPE_RELATIONSHIP:KBDL-A11Y-008; EVIDENCE_SCOPE_RELATIONSHIP:KBDL-A11Y-009; EVIDENCE_SCOPE_RELATIONSHIP:KBDL-FND-009; EVIDENCE_SCOPE_RELATIONSHIP:KBDL-THM-002; EVIDENCE_SCOPE_RELATIONSHIP:KBDL-THM-007; EVIDENCE_SCOPE_RELATIONSHIP:KBDL-THM-008; EVIDENCE_SCOPE_RELATIONSHIP:KBDL-VAL-001; EVIDENCE_SCOPE_RELATIONSHIP:KBDL-VAL-002; EVIDENCE_SCOPE_RELATIONSHIP:KBDL-VAL-009; EVIDENCE_SCOPE_RELATIONSHIP:KBDL-VAL-012
Limitation-scope mismatches,LIMITATION_MISMATCH,docs/kbdl/evidence/kbdl-011-r16/scripts/production_validator.py,limitation-field-audit.csv,category equals LIMITATION_MISMATCH,229,LIMITATION_MISMATCH:KBDL-A11Y-001; LIMITATION_MISMATCH:KBDL-A11Y-002; LIMITATION_MISMATCH:KBDL-A11Y-003; LIMITATION_MISMATCH:KBDL-A11Y-004; LIMITATION_MISMATCH:KBDL-A11Y-005; LIMITATION_MISMATCH:KBDL-A11Y-006; LIMITATION_MISMATCH:KBDL-A11Y-010; LIMITATION_MISMATCH:KBDL-A11Y-011; LIMITATION_MISMATCH:KBDL-A11Y-012; LIMITATION_MISMATCH:KBDL-A11Y-013; LIMITATION_MISMATCH:KBDL-A11Y-014; LIMITATION_MISMATCH:KBDL-A11Y-015; LIMITATION_MISMATCH:KBDL-A11Y-016; LIMITATION_MISMATCH:KBDL-A11Y-017; LIMITATION_MISMATCH:KBDL-A11Y-018; LIMITATION_MISMATCH:KBDL-A11Y-020; LIMITATION_MISMATCH:KBDL-A11Y-022; LIMITATION_MISMATCH:KBDL-A11Y-023; LIMITATION_MISMATCH:KBDL-A11Y-024; LIMITATION_MISMATCH:KBDL-A11Y-025; LIMITATION_MISMATCH:KBDL-A11Y-026; LIMITATION_MISMATCH:KBDL-A11Y-027; LIMITATION_MISMATCH:KBDL-A11Y-028; LIMITATION_MISMATCH:KBDL-A11Y-029; LIMITATION_MISMATCH:KBDL-A11Y-030; LIMITATION_MISMATCH:KBDL-A11Y-031; LIMITATION_MISMATCH:KBDL-A11Y-032; LIMITATION_MISMATCH:KBDL-A11Y-033; LIMITATION_MISMATCH:KBDL-A11Y-034; LIMITATION_MISMATCH:KBDL-A11Y-037; LIMITATION_MISMATCH:KBDL-A11Y-040; LIMITATION_MISMATCH:KBDL-CMP-001; LIMITATION_MISMATCH:KBDL-CMP-002; LIMITATION_MISMATCH:KBDL-CMP-003; LIMITATION_MISMATCH:KBDL-CMP-004; LIMITATION_MISMATCH:KBDL-CMP-006; LIMITATION_MISMATCH:KBDL-CMP-007; LIMITATION_MISMATCH:KBDL-CMP-008; LIMITATION_MISMATCH:KBDL-CMP-009; LIMITATION_MISMATCH:KBDL-CMP-010; LIMITATION_MISMATCH:KBDL-CMP-011; LIMITATION_MISMATCH:KBDL-CMP-012; LIMITATION_MISMATCH:KBDL-CMP-013; LIMITATION_MISMATCH:KBDL-CMP-014; LIMITATION_MISMATCH:KBDL-CMP-016; LIMITATION_MISMATCH:KBDL-CMP-018; LIMITATION_MISMATCH:KBDL-CMP-019; LIMITATION_MISMATCH:KBDL-CMP-021; LIMITATION_MISMATCH:KBDL-CMP-022; LIMITATION_MISMATCH:KBDL-CMP-023; LIMITATION_MISMATCH:KBDL-CMP-024; LIMITATION_MISMATCH:KBDL-CMP-026; LIMITATION_MISMATCH:KBDL-CMP-027; LIMITATION_MISMATCH:KBDL-CMP-028; LIMITATION_MISMATCH:KBDL-CMP-030; LIMITATION_MISMATCH:KBDL-CMP-031; LIMITATION_MISMATCH:KBDL-CMP-032; LIMITATION_MISMATCH:KBDL-CMP-033; LIMITATION_MISMATCH:KBDL-CMP-034; LIMITATION_MISMATCH:KBDL-CMP-035; LIMITATION_MISMATCH:KBDL-CMP-037; LIMITATION_MISMATCH:KBDL-CMP-038; LIMITATION_MISMATCH:KBDL-CMP-039; LIMITATION_MISMATCH:KBDL-CMP-040; LIMITATION_MISMATCH:KBDL-CMP-042; LIMITATION_MISMATCH:KBDL-CMP-043; LIMITATION_MISMATCH:KBDL-CMP-045; LIMITATION_MISMATCH:KBDL-CMP-047; LIMITATION_MISMATCH:KBDL-CMP-049; LIMITATION_MISMATCH:KBDL-CMP-051; LIMITATION_MISMATCH:KBDL-CMP-053; LIMITATION_MISMATCH:KBDL-CMP-054; LIMITATION_MISMATCH:KBDL-CMP-055; LIMITATION_MISMATCH:KBDL-CMP-057; LIMITATION_MISMATCH:KBDL-CMP-058; LIMITATION_MISMATCH:KBDL-CMP-059; LIMITATION_MISMATCH:KBDL-CMP-060; LIMITATION_MISMATCH:KBDL-CMP-061; LIMITATION_MISMATCH:KBDL-CMP-062; LIMITATION_MISMATCH:KBDL-CMP-063; LIMITATION_MISMATCH:KBDL-CMP-064; LIMITATION_MISMATCH:KBDL-CMP-065; LIMITATION_MISMATCH:KBDL-CMP-066; LIMITATION_MISMATCH:KBDL-CMP-068; LIMITATION_MISMATCH:KBDL-CMP-070; LIMITATION_MISMATCH:KBDL-CMP-071; LIMITATION_MISMATCH:KBDL-CMP-072; LIMITATION_MISMATCH:KBDL-CMP-075; LIMITATION_MISMATCH:KBDL-CMP-077; LIMITATION_MISMATCH:KBDL-CMP-078; LIMITATION_MISMATCH:KBDL-CMP-079; LIMITATION_MISMATCH:KBDL-CMP-081; LIMITATION_MISMATCH:KBDL-CMP-084; LIMITATION_MISMATCH:KBDL-CMP-086; LIMITATION_MISMATCH:KBDL-CMP-087; LIMITATION_MISMATCH:KBDL-CMP-088; LIMITATION_MISMATCH:KBDL-CMP-090; LIMITATION_MISMATCH:KBDL-CMP-092; LIMITATION_MISMATCH:KBDL-CMP-093; LIMITATION_MISMATCH:KBDL-CMP-094; LIMITATION_MISMATCH:KBDL-CMP-095; LIMITATION_MISMATCH:KBDL-CMP-096; LIMITATION_MISMATCH:KBDL-CMP-097; LIMITATION_MISMATCH:KBDL-CMP-098; LIMITATION_MISMATCH:KBDL-CMP-100; LIMITATION_MISMATCH:KBDL-CMP-101; LIMITATION_MISMATCH:KBDL-CMP-103; LIMITATION_MISMATCH:KBDL-CMP-104; LIMITATION_MISMATCH:KBDL-CMP-107; LIMITATION_MISMATCH:KBDL-CMP-109; LIMITATION_MISMATCH:KBDL-CUS-001; LIMITATION_MISMATCH:KBDL-CUS-002; LIMITATION_MISMATCH:KBDL-CUS-003; LIMITATION_MISMATCH:KBDL-CUS-004; LIMITATION_MISMATCH:KBDL-CUS-005; LIMITATION_MISMATCH:KBDL-CUS-006; LIMITATION_MISMATCH:KBDL-CUS-007; LIMITATION_MISMATCH:KBDL-CUS-008; LIMITATION_MISMATCH:KBDL-CUS-009; LIMITATION_MISMATCH:KBDL-CUS-010; LIMITATION_MISMATCH:KBDL-CUS-011; LIMITATION_MISMATCH:KBDL-CUS-012; LIMITATION_MISMATCH:KBDL-CUS-013; LIMITATION_MISMATCH:KBDL-CUS-014; LIMITATION_MISMATCH:KBDL-CUS-015; LIMITATION_MISMATCH:KBDL-CUS-016; LIMITATION_MISMATCH:KBDL-CUS-017; LIMITATION_MISMATCH:KBDL-CUS-018; LIMITATION_MISMATCH:KBDL-CUS-019; LIMITATION_MISMATCH:KBDL-CUS-020; LIMITATION_MISMATCH:KBDL-CUS-021; LIMITATION_MISMATCH:KBDL-CUS-022; LIMITATION_MISMATCH:KBDL-FND-001; LIMITATION_MISMATCH:KBDL-FND-002; LIMITATION_MISMATCH:KBDL-FND-003; LIMITATION_MISMATCH:KBDL-FND-004; LIMITATION_MISMATCH:KBDL-FND-005; LIMITATION_MISMATCH:KBDL-FND-006; LIMITATION_MISMATCH:KBDL-FND-007; LIMITATION_MISMATCH:KBDL-FND-008; LIMITATION_MISMATCH:KBDL-FND-010; LIMITATION_MISMATCH:KBDL-FND-011; LIMITATION_MISMATCH:KBDL-FND-012; LIMITATION_MISMATCH:KBDL-GOV-002; LIMITATION_MISMATCH:KBDL-MOT-001; LIMITATION_MISMATCH:KBDL-MOT-002; LIMITATION_MISMATCH:KBDL-MOT-003; LIMITATION_MISMATCH:KBDL-MOT-004; LIMITATION_MISMATCH:KBDL-MOT-005; LIMITATION_MISMATCH:KBDL-MOT-006; LIMITATION_MISMATCH:KBDL-MOT-007; LIMITATION_MISMATCH:KBDL-MOT-010; LIMITATION_MISMATCH:KBDL-MOT-011; LIMITATION_MISMATCH:KBDL-MOT-012; LIMITATION_MISMATCH:KBDL-MOT-013; LIMITATION_MISMATCH:KBDL-MOT-014; LIMITATION_MISMATCH:KBDL-MOT-015; LIMITATION_MISMATCH:KBDL-MOT-016; LIMITATION_MISMATCH:KBDL-MOT-017; LIMITATION_MISMATCH:KBDL-MOT-018; LIMITATION_MISMATCH:KBDL-MOT-019; LIMITATION_MISMATCH:KBDL-MOT-020; LIMITATION_MISMATCH:KBDL-MOT-021; LIMITATION_MISMATCH:KBDL-MOT-022; LIMITATION_MISMATCH:KBDL-MOT-023; LIMITATION_MISMATCH:KBDL-MOT-024; LIMITATION_MISMATCH:KBDL-MOT-025; LIMITATION_MISMATCH:KBDL-MOT-026; LIMITATION_MISMATCH:KBDL-MOT-030; LIMITATION_MISMATCH:KBDL-MOT-031; LIMITATION_MISMATCH:KBDL-MOT-034; LIMITATION_MISMATCH:KBDL-PRN-001; LIMITATION_MISMATCH:KBDL-PRN-002; LIMITATION_MISMATCH:KBDL-PRN-003; LIMITATION_MISMATCH:KBDL-PRN-004; LIMITATION_MISMATCH:KBDL-PRN-005; LIMITATION_MISMATCH:KBDL-PRN-006; LIMITATION_MISMATCH:KBDL-PRN-007; LIMITATION_MISMATCH:KBDL-PRN-008; LIMITATION_MISMATCH:KBDL-PRO-001; LIMITATION_MISMATCH:KBDL-PRO-002; LIMITATION_MISMATCH:KBDL-PRO-003; LIMITATION_MISMATCH:KBDL-PRO-004; LIMITATION_MISMATCH:KBDL-PRO-005; LIMITATION_MISMATCH:KBDL-PRO-010; LIMITATION_MISMATCH:KBDL-PRO-011; LIMITATION_MISMATCH:KBDL-PRO-012; LIMITATION_MISMATCH:KBDL-PRO-013; LIMITATION_MISMATCH:KBDL-PRO-014; LIMITATION_MISMATCH:KBDL-PRO-015; LIMITATION_MISMATCH:KBDL-PRO-019; LIMITATION_MISMATCH:KBDL-PRO-020; LIMITATION_MISMATCH:KBDL-PRO-021; LIMITATION_MISMATCH:KBDL-PRO-022; LIMITATION_MISMATCH:KBDL-PRO-023; LIMITATION_MISMATCH:KBDL-PRO-024; LIMITATION_MISMATCH:KBDL-RSP-001; LIMITATION_MISMATCH:KBDL-RSP-006; LIMITATION_MISMATCH:KBDL-RSP-007; LIMITATION_MISMATCH:KBDL-RSP-008; LIMITATION_MISMATCH:KBDL-RSP-009; LIMITATION_MISMATCH:KBDL-RSP-010; LIMITATION_MISMATCH:KBDL-RSP-011; LIMITATION_MISMATCH:KBDL-RSP-012; LIMITATION_MISMATCH:KBDL-RSP-013; LIMITATION_MISMATCH:KBDL-RSP-014; LIMITATION_MISMATCH:KBDL-RSP-015; LIMITATION_MISMATCH:KBDL-RSP-016; LIMITATION_MISMATCH:KBDL-RSP-017; LIMITATION_MISMATCH:KBDL-RSP-018; LIMITATION_MISMATCH:KBDL-RSP-019; LIMITATION_MISMATCH:KBDL-RSP-020; LIMITATION_MISMATCH:KBDL-RSP-021; LIMITATION_MISMATCH:KBDL-RSP-022; LIMITATION_MISMATCH:KBDL-THM-001; LIMITATION_MISMATCH:KBDL-THM-003; LIMITATION_MISMATCH:KBDL-THM-005; LIMITATION_MISMATCH:KBDL-THM-006; LIMITATION_MISMATCH:KBDL-THM-012; LIMITATION_MISMATCH:KBDL-THM-012a; LIMITATION_MISMATCH:KBDL-THM-013; LIMITATION_MISMATCH:KBDL-THM-014; LIMITATION_MISMATCH:KBDL-THM-015; LIMITATION_MISMATCH:KBDL-VAL-003; LIMITATION_MISMATCH:KBDL-VAL-005; LIMITATION_MISMATCH:KBDL-VAL-006; LIMITATION_MISMATCH:KBDL-VAL-008; LIMITATION_MISMATCH:KBDL-VAL-010; LIMITATION_MISMATCH:KBDL-VAL-011
Approved requirements audited,approved,docs/kbdl/evidence/kbdl-011-r16/scripts/production_validator.py,approved-authority-population.csv,lifecycle equals Approved,266,None
Standard-clause mismatches,STANDARD_CLAUSE_MISMATCH,docs/kbdl/evidence/kbdl-011-r16/scripts/production_validator.py,adopted-standard-clause-audit.csv,category equals STANDARD_CLAUSE_MISMATCH,20,STANDARD_CLAUSE_MISMATCH:KBDL-A11Y-008; STANDARD_CLAUSE_MISMATCH:KBDL-A11Y-010; STANDARD_CLAUSE_MISMATCH:KBDL-A11Y-013; STANDARD_CLAUSE_MISMATCH:KBDL-A11Y-014; STANDARD_CLAUSE_MISMATCH:KBDL-CMP-018; STANDARD_CLAUSE_MISMATCH:KBDL-CMP-021; STANDARD_CLAUSE_MISMATCH:KBDL-CMP-028; STANDARD_CLAUSE_MISMATCH:KBDL-CMP-032; STANDARD_CLAUSE_MISMATCH:KBDL-CMP-045; STANDARD_CLAUSE_MISMATCH:KBDL-CMP-054; STANDARD_CLAUSE_MISMATCH:KBDL-CMP-056; STANDARD_CLAUSE_MISMATCH:KBDL-CMP-068; STANDARD_CLAUSE_MISMATCH:KBDL-CMP-075; STANDARD_CLAUSE_MISMATCH:KBDL-CMP-077; STANDARD_CLAUSE_MISMATCH:KBDL-CMP-081; STANDARD_CLAUSE_MISMATCH:KBDL-CMP-094; STANDARD_CLAUSE_MISMATCH:KBDL-CMP-095; STANDARD_CLAUSE_MISMATCH:KBDL-RSP-006; STANDARD_CLAUSE_MISMATCH:KBDL-RSP-013; STANDARD_CLAUSE_MISMATCH:KBDL-RSP-019
Missing authority targets,MISSING_AUTHORITY_TARGET,docs/kbdl/evidence/kbdl-011-r16/scripts/production_validator.py,authority-graph-audit.csv,category equals MISSING_AUTHORITY_TARGET,0,
Non-Approved authority targets,NONAPPROVED_AUTHORITY_TARGET,docs/kbdl/evidence/kbdl-011-r16/scripts/production_validator.py,authority-graph-audit.csv,category equals NONAPPROVED_AUTHORITY_TARGET,0,
Unclassified authority references,UNCLASSIFIED_AUTHORITY_REFERENCE,docs/kbdl/evidence/kbdl-011-r16/scripts/production_validator.py,authority-reference-classification.csv,category equals UNCLASSIFIED_AUTHORITY_REFERENCE,0,
Self-authority claims,SELF_AUTHORITY,docs/kbdl/evidence/kbdl-011-r16/scripts/production_validator.py,authority-graph-audit.csv,category equals SELF_AUTHORITY,0,
Circular authority chains,CIRCULAR_AUTHORITY,docs/kbdl/evidence/kbdl-011-r16/scripts/production_validator.py,authority-graph-audit.csv,category equals CIRCULAR_AUTHORITY,1,CIRCULAR_AUTHORITY:KBDL-MOT-007
Counters using unexecuted self-audits,counter_issues,docs/kbdl/evidence/kbdl-011-r16/scripts/production_validator.py,counter-implementation-audit.csv,source scan findings,0,None
Real mutations executed,negative-tests/mutation-summary.txt,docs/kbdl/evidence/kbdl-011-r16/scripts/run_mutation_controls.py,negative-tests/mutation-summary.txt,exact summary line Real mutations executed,0,None
Mutations detected by production validator,negative-tests/mutation-summary.txt,docs/kbdl/evidence/kbdl-011-r16/scripts/run_mutation_controls.py,negative-tests/mutation-summary.txt,exact summary line Mutations detected by production validator,0,None
Unexpected mutation passes,negative-tests/mutation-summary.txt,docs/kbdl/evidence/kbdl-011-r16/scripts/run_mutation_controls.py,negative-tests/mutation-summary.txt,exact summary line Unexpected mutation passes,0,None
Wrong-category detections,negative-tests/mutation-summary.txt,docs/kbdl/evidence/kbdl-011-r16/scripts/run_mutation_controls.py,negative-tests/mutation-summary.txt,exact summary line Wrong-category detections,0,None
Fixtures remaining,negative-tests/mutation-summary.txt,docs/kbdl/evidence/kbdl-011-r16/scripts/run_mutation_controls.py,negative-tests/mutation-summary.txt,exact summary line Fixtures remaining,0,None
Counters lacking exact provenance,counter-provenance rows,docs/kbdl/evidence/kbdl-011-r16/scripts/production_validator.py,counter-provenance.csv,rows missing any exact provenance column,0,None
