Path,Purpose,Bytes,SHA-256,Availability
docs/kbdl/evidence/kbdl-011-smr2-fsrg1/README.md,"FSRG1 package overview, usage, sources, correctness reference, and boundaries; carries the required non-authoritative statement",5303,573ea6113de37d7a46858362ce1d432938a0d98fddeced6ae2e3e3d4404aac5c,Available
docs/kbdl/evidence/kbdl-011-smr2-fsrg1/artifacts/field-source-registry.csv,"Live current-state field-source registry (derived, non-authoritative; generated only by scripts/field_source_registry.py)",1917334,d94e8c43db6948638de3d61627dac6d42029db9b491834e9fc06cb6335e694d9,Available
docs/kbdl/evidence/kbdl-011-smr2-fsrg1/evidence-manifest.md,"FSRG1 evidence manifest: reproducibility, historical-evidence preservation, validation architecture, and boundaries",5132,40b607b45eddeb80b8c7ff03e4e305144edd538c65e8924c0968de96198e2eb8,Available
docs/kbdl/evidence/kbdl-011-smr2-fsrg1/field-source-registry-schema.md,"Declared live-registry schema contract, version 1 (columns, domains, row key, sort key, null spellings, schema-version policy)",10182,827e2edd61b0aeb1177641ab46a374897ab0b5879f32d8ec1bd50a3488b3c3f5,Available
docs/kbdl/evidence/kbdl-011-smr2-fsrg1/fsrg1-validation-transcript.txt,"FSRG1 durable command/output transcript (baseline, generation, all gates, preservation audits, and publication stages)",22940,3d32c4e91bd07fe83f606da1996f29efe121eb5ff1676b489e5a8709d10d334f,Available
docs/kbdl/evidence/kbdl-011-smr2-fsrg1/implementation-report.md,"FSRG1 implementation report: root cause, what was created, gates, correctness evidence, and explicit non-changes",8967,65ca4ed72277f8b3a1cab7d8b3dc34b8a3da8948ede08723e968a250d1d2209c,Available
docs/kbdl/evidence/kbdl-011-smr2-fsrg1/scripts/field_source_registry.py,"Deterministic standalone live field-source registry generator (--repo-root, --check)",49530,40efa19a20fbe3187e9392a26a273e5b0930b43f56d97de3b86a2e60e713def1,Available
docs/kbdl/evidence/kbdl-011-smr2-fsrg1/scripts/fsrg1_fixtures.py,"FSRG1 deterministic fixtures: 24 negative and 8 positive-control, on a temporary repository copy only",23688,28c0f1dd0f88559a6d70714e00e2377b9eba6a452771e849eea0c026187475c1,Available
docs/kbdl/evidence/kbdl-011-smr2-fsrg1/scripts/validate_fsrg1.py,"FSRG1 validator: schema, determinism, drift, historical integrity, path safety, isolation, coverage, labelling, protection, decision state, VAL/readiness, package",30799,d7fc8cc0911c0f41f9dc1a656497f1f787a7e9ac6e7f0c4a4dd51fcf787ac9ef,Available
